plot_ID,foreign_attack,year
1,FALSE,2002
2,FALSE,2002
3,TRUE,2003
4,FALSE,2002
5,FALSE,2004
6,FALSE,2004
7,FALSE,2006
8,FALSE,2006
9,FALSE,2007
10,FALSE,2006
11,FALSE,2007
12,FALSE,2007
13,FALSE,2008
14,FALSE,2009
15,FALSE,2009
16,FALSE,2009
17,FALSE,2010
18,FALSE,2009
19,FALSE,2009
20,FALSE,2010
21,FALSE,2010
22,FALSE,2011
23,FALSE,2010
24,FALSE,2011
25,FALSE,2011
26,FALSE,2011
27,FALSE,2011
28,FALSE,2011
29,FALSE,2011
30,FALSE,2012
31,FALSE,2012
32,FALSE,2013
33,FALSE,2010
34,FALSE,2006
35,FALSE,2010
36,FALSE,2002
37,FALSE,2009
38,FALSE,2005
39,FALSE,2005
40,FALSE,2010
41,FALSE,2013
42,FALSE,2006
43,FALSE,2003
44,FALSE,2012
45,FALSE,2006
46,TRUE,2008
47,FALSE,2009
48,FALSE,2013
49,FALSE,2009
50,FALSE,2002
51,FALSE,2002
52,FALSE,2009
53,FALSE,2012
54,FALSE,2003
55,FALSE,2006
56,FALSE,2009
57,FALSE,2003
58,FALSE,2001
59,FALSE,2010
60,FALSE,2001
61,FALSE,2003
62,FALSE,2004
63,FALSE,2004
64,FALSE,2006
65,FALSE,2007
66,FALSE,2006
67,FALSE,2009
68,FALSE,2010
69,FALSE,2009
70,FALSE,2010
71,FALSE,2010
72,FALSE,2011
73,FALSE,2011
74,FALSE,2011
75,FALSE,2012
76,FALSE,2003
77,FALSE,2013
78,FALSE,2013
79,FALSE,2008
80,FALSE,2010
81,FALSE,2011
82,FALSE,2013
84,FALSE,2004
85,FALSE,2008
86,FALSE,2009
87,FALSE,2009
88,FALSE,2009
89,FALSE,2009
90,FALSE,2013
91,FALSE,2009
92,FALSE,2010
93,FALSE,2010
94,FALSE,2012
95,FALSE,2012
96,FALSE,2012
97,FALSE,2014
98,FALSE,2011
99,TRUE,2014
100,FALSE,2010
101,FALSE,2014
102,FALSE,2010
103,FALSE,2013
104,FALSE,2014
105,FALSE,2014
106,FALSE,2014
107,FALSE,2014
108,FALSE,2014
109,FALSE,2014
110,FALSE,2014
111,FALSE,2014
112,FALSE,2015
113,FALSE,2004
114,FALSE,2015
115,FALSE,2015
116,FALSE,2013
117,FALSE,2009
118,FALSE,2012
119,FALSE,2003
120,FALSE,2015
121,FALSE,2015
122,FALSE,2014
123,FALSE,2015
124,FALSE,2015
125,FALSE,2015
126,FALSE,2014
127,FALSE,2009
128,FALSE,2015
129,FALSE,2015
130,FALSE,2015
131,FALSE,2014
132,FALSE,2011
133,FALSE,2006
134,FALSE,2015
135,FALSE,2015
136,FALSE,2015
137,FALSE,2015
138,FALSE,2009
139,FALSE,2011
140,FALSE,2011
141,FALSE,2011
142,FALSE,2012
143,FALSE,2012
144,FALSE,2012
145,FALSE,2007
146,FALSE,2007
147,FALSE,2010
148,FALSE,2011
149,FALSE,2011
150,FALSE,2005
151,FALSE,2010
152,FALSE,2013
153,FALSE,2013
154,FALSE,2014
155,FALSE,2013
156,FALSE,2014
157,FALSE,2015
158,FALSE,2015
159,FALSE,2014
160,FALSE,2014
161,FALSE,2010
162,FALSE,2014
163,FALSE,2014
164,FALSE,2015
165,FALSE,2015
166,FALSE,2014
167,FALSE,2015
168,FALSE,2015
169,FALSE,2001
170,FALSE,2015
171,FALSE,2015
172,FALSE,2015
173,FALSE,2015
174,FALSE,2015
175,FALSE,2014
176,FALSE,2015
177,FALSE,2015
178,FALSE,2015
179,FALSE,2015
180,FALSE,2015
181,FALSE,2014
182,FALSE,2001
183,FALSE,2015
184,FALSE,2016
185,FALSE,2016
186,FALSE,2015
187,FALSE,2015
188,FALSE,2016
189,FALSE,2005
190,FALSE,2016
191,TRUE,2016
192,FALSE,2016
193,FALSE,2016
194,FALSE,2016
195,FALSE,2016
196,FALSE,2016
197,FALSE,2016
198,FALSE,2016
199,FALSE,2016
200,FALSE,2016
201,FALSE,2016
202,FALSE,2016
203,FALSE,2016
204,FALSE,2016
205,FALSE,2016
206,FALSE,2001
207,FALSE,2016
208,FALSE,2014
209,FALSE,2015
210,FALSE,2016
211,FALSE,2016
212,FALSE,2016
213,FALSE,2016
214,FALSE,2016
215,FALSE,2015
216,FALSE,2009
217,FALSE,2016
